iter,seeds,nodes,edges,bytes_moved,sample_s,gather_s,transfer_s,compute_s,wall_s,drift_pct
0,100,11279,12317,17324544,0.0017990251071751118,0.013656374998390675,0.0013212678022682667,0.0023723199367523193,0.01934265298768878,1.0012336116750458
1,100,10450,11432,16051200,0.0015098988078534603,0.010897592175751925,0.001108522992581129,0.0020101120471954347,0.015698539093136787,1.0982746148029514
2,100,10733,11917,16485888,0.0018563559278845787,0.011845136061310768,0.0010872348211705685,0.00204857611656189,0.017024220898747444,1.0979531629162123
3,100,10562,11731,16223232,0.0014891969040036201,0.0026647481136024,0.0011323541402816772,0.001986143946647644,0.007437321823090315,2.216909829598635
4,100,10701,11758,16436736,0.0015036743134260178,0.00270997267216444,0.0011232313700020313,0.0020088319778442383,0.007517674006521702,2.2874585002727255
5,100,12349,13359,18968064,0.0016641351394355297,0.02148348791524768,0.001472598873078823,0.0026890239715576174,0.027526746038347483,0.7901411184774041
6,100,10849,12102,16664064,0.0015336028300225735,0.0029123350977897644,0.0014614639803767204,0.0020914559364318846,0.00817203288897872,2.1191182990872592
7,100,11219,12341,17232384,0.0015289648436009884,0.0035000229254364967,0.0014936360530555248,0.002219327926635742,0.008888867683708668,1.65280821143485
8,24,2763,2919,4243968,0.00043198978528380394,0.0007027019746601582,0.0003967359662055969,0.0005802879929542542,0.0021603968925774097,2.253343986970781
9,100,10935,12042,16796160,0.0014641238376498222,0.0026235650293529034,0.0013447878882288933,0.002058271884918213,0.0076616681180894375,2.2308389675096927
