tag,seeds_total,batch_size,fanout,layers,hidden,iters,sample_ms,gather_ms,transfer_ms,compute_ms,wall_ms,drift_pct,nodes_per_batch,mb_moved,throughput_qps,mean_power_w,energy_j,energy_mj_per_seed,power_samples,peak_gpu_gb
mag240m_s100_b100_L1,500,100,5,1,256,5,0.405140221118927,1988.343803677708,0.444196630269289,1.0016319751739502,1989.8966704495251,0.008397515529009374,511.0,0.784896,47.619548141557516,29.50143333333333,308.7626432020289,617.5252864040579,210,0.015800832
mag240m_s1024_b100_L2,924,100,"15,10",2,256,10,2019.1591575276107,197898.8426325377,3.4230505116283894,2.61899197101593,199610.42314907536,0.00012087419283619509,10910.5,16.758528,0.4766001539018511,30.097534344635104,58348.402456122654,63147.62170576045,38696,0.174304768
mag240m_inmem_L2,924,100,"15,10",2,256,10,1.5194318257272243,3.2061790116131306,1.226810971274972,2.0534240007400513,8.530450286343694,1.8859632552610546,10791.0,16.574976,7602.276774703821,29.422,1.4733690473977477,1.5945552461014585,2,0.172973568
inmem_589301,50000,100,"15,10",2,256,500,1.4353339993249392,2.3272044982149964,1.2428329991962528,2.124576091766357,7.381526000244776,2.370058346460655,11041.0,16.958976,12997.10393850639,49.41752631578949,185.991970716063,3.71983941432126,76,0.182424064
drift_check_648241,9316,100,"15,10",2,256,100,1.4106614980846643,2.333649499632884,1.2030270008835942,2.21288001537323,7.331481509027071,0.3961583285049367,10802.0,16.591872,12783.162433390993,30.512785714285712,19.917922033538648,2.1380337090530968,14,0.174619136
sweep_b100_648593,20000,100,"15,10",2,256,200,1.4412340024136938,2.3226589983096346,1.2295085034566,2.309967994689941,7.386297998891678,0.38842434329712555,11092.0,17.037312,13226.429508769437,41.10926666666667,59.88085852403618,2.994042926201809,30,0.179411968
sweep_b256_648594,51200,256,"15,10",2,256,200,3.7776785029564053,10.587880002276506,3.0642370038549416,6.991935968399048,24.46429099654779,0.24488986645946073,27925.0,42.8928,10454.779583518599,47.519927835051554,229.0834484390869,4.474286102325916,97,0.404473856
sweep_b512_648595,101916,512,"15,10",2,256,200,7.439533503202256,21.137033007107675,6.593223995878361,14.068895816802977,49.22692750551505,0.10646384571461828,54688.5,84.001536,10377.856790229494,47.333142857142846,463.43081827642993,4.54718413474263,196,0.77349888
sweep_b1024_648596,202808,1024,"15,10",2,256,200,14.349320998007897,39.189265997265466,13.17251700675115,27.743680000305176,94.5809115000884,0.061865049040427104,105702.5,162.35904,10790.773855509267,46.9012192513369,879.576531451144,4.3369912994119755,374,1.462007296
sweep_b2048_648597,401520,2048,"15,10",2,256,200,27.937339000345673,76.10112249676604,25.642774497100618,53.01958274841309,182.7923974924488,0.029600923906597063,201402.5,309.35424,11189.264885062226,46.7218812849162,1674.5115680292024,4.170431281204429,716,2.788392448
sweep_f10x5_660628,20000,100,"10,5",2,256,200,0.7413400016957894,0.9190750060952269,0.4849445031140931,0.7959999740123748,2.9680945008294657,0.889789558433032,4570.5,7.020288,31630.90914389432,30.525923076923075,18.417253890210784,0.9208626945105391,13,0.079668224
sweep_f5x5_660627,20000,100,"5,5",2,256,200,0.42948450573021546,0.5266910084174015,0.3237880009692162,0.4517119973897934,1.765386994520668,1.4706067010272308,2506.0,3.849216,55428.24350245063,21.800571428571427,6.558173160888574,0.3279086580444287,7,0.047965184
sweep_f15x10_660629,20000,100,"15,10",2,256,200,1.4692789991386235,2.3951625043991953,1.2603009963640943,2.307007908821106,7.53773600445129,0.3685840305012613,11102.5,17.05344,12838.620451897377,36.544612903225804,54.97324180321253,2.7486620901606265,31,0.179526656
sweep_f25x15_660630,20000,100,"25,15",2,256,200,2.876208003726788,7.710630503424909,2.651987502758857,5.189280033111571,18.076741507684346,0.2654475045909643,22073.0,33.904128,5606.303283391042,47.25391549295775,166.276402010422,8.3138201005211,71,0.360215552
sweep_f40x20_660632,20000,100,"40,20",2,256,200,4.480427996895742,13.230384509370197,3.792201001488138,8.903360366821289,30.349345004651695,0.15991729176469655,34557.0,53.079552,3231.0156132848197,46.454237704918036,284.80842015257684,14.240421007628841,122,0.60216832
stress_b16384_f15x10_927320,71708,16384,"15,10",2,256,5,273.4770680544898,550.868880993221,180.38189300568774,353.4300842285156,1376.197965000756,0.0045148928932981945,1175995.0,1806.32832,11566.355941295185,43.71212195121951,267.0314318558136,3.723872257709232,123,16.781252608
stress_b8192_f25x15_927320,40960,8192,"25,15",2,256,5,273.2033940264955,563.041276007425,185.0501179578714,356.0614013671875,1371.2359850178473,0.005111345114892494,1193575.0,1833.3312,5863.579781739429,43.07337410071942,297.67428925450275,7.267438702502509,139,17.373558272
stress_b8192_f15x10_927320,79900,8192,"15,10",2,256,10,142.35926797846332,319.9075575103052,104.75808850605972,191.45913696289062,761.841960484162,0.00760195334517479,676768.0,1039.515648,9723.65354240847,42.379999999999995,346.3099346727445,4.3342920484698935,164,9.45083392
stress_b4096_f15x10_927320,40960,4096,"15,10",2,256,10,98.90526995877735,176.18368100374937,57.821555994451046,101.92819213867188,434.1413564688992,0.014603261434929923,374587.0,575.365632,9590.63681029258,40.68405882352941,171.8292274737283,4.19504949887032,85,5.14470656
cpuonly_b1024,3072,1024,"15,10",2,256,3,15.467218996491283,48.11680701095611,17.549415002577007,291.9283049996011,373.06428799638525,0.0005474108855290931,106974.0,164.312064,2725.0101125301226,16.34152173913044,18.13727061051136,5.904059443525834,23,0.0
cpu48_b1024_f15x10_989839,5120,1024,"15,10",2,256,5,50.93087593559176,46.22821998782456,15.39791899267584,555.4446739843115,664.1605329932645,0.0002582252988483127,106955.0,164.28288,1516.120898414335,16.452666666666666,54.41452697865828,10.627837300519195,66,0.0
gpu48_b1024_f15x10_989839,5120,1024,"15,10",2,256,5,61.8421989493072,41.090881917625666,13.382636941969395,27.867168426513672,146.67491102591157,0.04348017510113857,106907.0,164.209152,7181.577779603558,33.28221428571429,22.151895558555026,4.326542101280278,14,1.457836032
cpu48_b4096_f15x10_989839,12288,4096,"15,10",2,256,3,60.80481503158808,141.05353504419327,70.00326702836901,853.6911780247465,1127.2569469874725,0.00018391234939691006,377144.0,579.293184,3630.67375756385,16.509235294117648,55.775157515520185,4.538993938437515,68,0.0
gpu48_b4096_f15x10_989839,20480,4096,"15,10",2,256,5,116.39209801796824,140.18360001500696,46.49326601065695,102.28326416015625,404.2638000100851,0.017019548065220807,376742.0,578.675712,10235.214474139455,38.7368,76.06144529790056,3.7139377586865505,40,5.146818048
gpu48_b16384_f15x10_989839,71708,16384,"15,10",2,256,5,285.01821600366384,435.64560799859464,149.03783204499632,348.5523986816406,1214.406991028227,0.005326007129382705,1176345.0,1806.86592,12831.167091709605,46.31808928571429,257.75513259036643,3.594510132626296,112,16.765664256
gpu48_b8192_f25x15_989839,40960,8192,"25,15",2,256,5,287.60836995206773,442.42905895225704,155.86238610558212,357.01641845703125,1243.5424869181588,0.005239648866036195,1194619.0,1834.934784,6515.622372034546,45.15896,281.1903442727207,6.864998639470721,125,17.366150656
cpu48_b16384_f15x10_989839,32768,16384,"15,10",2,256,2,235.73905299417675,442.94090557377785,207.2023624787107,2561.742616002448,3447.6268530706875,5.557629357256793e-05,1174459.5,1803.969792,4752.222295409358,16.549591240875912,112.99936203476054,3.4484668589709635,137,0.0
scenB_i1000_990026,14678596,16384,"15,10",2,256,1000,239.79390499880537,1406.3487719977275,175.35649647470564,351.4254913330078,2175.7957955123857,0.0027778100531168732,1177326.0,1808.372736,7386.623795258058,40.75450744839059,80985.88965786918,5.517277650932635,39673,16.78820864
scenB_i3000_990026,44046000,16384,"15,10",2,256,3000,239.38582796836272,1399.9710630159825,172.03688551671803,352.0822448730468,2164.737968472764,0.00291820680970014,1177236.5,1808.235264,7417.586192235904,40.751169124221825,241982.2623695701,5.49385329813309,118546,16.79094016
scenB_i6000_990026,88092000,16384,"15,10",2,256,6000,257.28661444736645,1405.5232859682292,174.93123951135203,351.59576416015625,2183.8412394281477,0.003331847175086485,1177214.0,1808.200704,7237.434475518586,40.52905702373554,493309.3505601804,5.5999335985126955,242969,16.79737856
